X;Y;Z;T
18;200;324;38
-82;-800;6724;23
-17;-150;289;-41
77;790;5929;42
-99;-970;9801;8
97;990;9409;-72
-90;-880;8100;-8
-71;-690;5041;-43
-52;-500;2704;64
-87;-850;7569;20
-86;-840;7396;-57
17;190;289;-36
76;780;5776;1
52;540;2704;-28
9;110;81;-40
15;170;225;-72
-5;-30;25;53
34;360;1156;14
40;420;1600;-47
-24;-220;576;-76
-28;-260;784;0
7;90;49;94
-67;-650;4489;-24
-76;-740;5776;4
0;20;0;-54
82;840;6724;19
5;70;25;78
87;890;7569;-64
22;240;484;-23
99;1010;9801;40
80;820;6400;18
-32;-300;1024;41
-30;-280;900;-88
-63;-610;3969;-79
50;520;2500;57
37;390;1369;-74
26;280;676;52
-75;-730;5625;37
83;850;6889;-20
56;580;3136;81
45;470;2025;79
44;460;1936;-23
97;990;9409;-26
54;560;2916;93
48;500;2304;-98
65;670;4225;21
12;140;144;75
23;250;529;-36
-91;-890;8281;-10
74;760;5476;-86
80;820;6400;32
19;210;361;85
89;910;7921;-33
22;240;484;-37
-96;-940;9216;97
-96;-940;9216;-66
26;280;676;1
87;890;7569;55
-1;10;1;11
64;660;4096;-8
-20;-180;400;-47
-21;-190;441;-97
-66;-640;4356;75
-81;-790;6561;-1
-12;-100;144;-35
-20;-180;400;1
-67;-650;4489;74
48;500;2304;67
-20;-180;400;-65
18;200;324;-58
-98;-960;9604;-54
51;530;2601;-5
-88;-860;7744;-97
-24;-220;576;44
81;830;6561;-33
97;990;9409;14
-17;-150;289;-13
-48;-460;2304;-56
54;560;2916;-86
49;510;2401;-77
-47;-450;2209;-40
-31;-290;961;8
19;210;361;-97
44;460;1936;57
-86;-840;7396;-98
-2;0;4;-95
91;930;8281;21
-28;-260;784;31
-83;-810;6889;-22
-11;-90;121;-36
-88;-860;7744;-54
92;940;8464;-85
62;640;3844;-52
22;240;484;11
84;860;7056;43
-83;-810;6889;42
-13;-110;169;-29
-44;-420;1936;69
10;120;100;-71
86;880;7396;-40
55;570;3025;-19
-19;-170;361;-23
-100;-980;10000;12
68;700;4624;-2
10;120;100;-21
-86;-840;7396;-15
-16;-140;256;13
42;440;1764;-20
-27;-250;729;49
75;770;5625;29
54;560;2916;67
-18;-160;324;93
-85;-830;7225;-96
53;550;2809;-52
97;990;9409;-25
-5;-30;25;19
95;970;9025;-99
21;230;441;-28
-97;-950;9409;84
49;510;2401;-80
2;40;4;-41
-92;-900;8464;38
-82;-800;6724;41
48;500;2304;45
69;710;4761;-8
-23;-210;529;-80
-46;-440;2116;60
-44;-420;1936;-46
-72;-700;5184;36
72;740;5184;-49
-35;-330;1225;-68
-9;-70;81;-96
27;290;729;3
85;870;7225;-33
-42;-400;1764;36
-34;-320;1156;-68
76;780;5776;-16
-21;-190;441;22
29;310;841;76
-15;-130;225;-93
-50;-480;2500;-25
-71;-690;5041;-31
-52;-500;2704;-1
-1;10;1;-30
-7;-50;49;33
24;260;576;-53
39;410;1521;76
15;170;225;-17
88;900;7744;61
73;750;5329;-83
94;960;8836;-100
-38;-360;1444;-91
-21;-190;441;-53
75;770;5625;38
-74;-720;5476;-55
-19;-170;361;-65
12;140;144;-5
27;290;729;-15
-75;-730;5625;-56
27;290;729;20
-14;-120;196;29
-5;-30;25;-8
17;190;289;-14
39;410;1521;-23
-45;-430;2025;-11
-20;-180;400;-58
-57;-550;3249;-60
-3;-10;9;8
65;670;4225;35
95;970;9025;-75
47;490;2209;97
-21;-190;441;58
-96;-940;9216;-94
-72;-700;5184;85
-26;-240;676;67
-25;-230;625;-19
-73;-710;5329;79
4;60;16;4
15;170;225;100
-26;-240;676;55
-10;-80;100;-29
80;820;6400;-23
4;60;16;90
98;1000;9604;11
86;880;7396;54
-94;-920;8836;-27
74;760;5476;53
65;670;4225;-26
55;570;3025;11
22;240;484;-24
87;890;7569;-49
3;50;9;-4
-43;-410;1849;-81
-82;-800;6724;62
-67;-650;4489;-80
-12;-100;144;-44
-79;-770;6241;74
-39;-370;1521;74
0;20;0;-99
-89;-870;7921;-44
60;620;3600;-93
22;240;484;-38
27;290;729;-30
-96;-940;9216;-47
45;470;2025;-3
-51;-490;2601;-88
-5;-30;25;-20
-47;-450;2209;-16
68;700;4624;-47
-56;-540;3136;54
-59;-570;3481;23
56;580;3136;42
41;430;1681;25
-69;-670;4761;-3
-5;-30;25;-69
66;680;4356;48
-17;-150;289;-24
-69;-670;4761;6
-71;-690;5041;56
-94;-920;8836;-35
-62;-600;3844;66
25;270;625;-85
60;620;3600;-21
45;470;2025;-26
46;480;2116;-68
-93;-910;8649;-12
19;210;361;-67
14;160;196;44
-78;-760;6084;-85
90;920;8100;-12
90;920;8100;-76
-37;-350;1369;-19
98;1000;9604;72
-16;-140;256;-77
-48;-460;2304;-49
-14;-120;196;71
32;340;1024;71
-30;-280;900;-87
-43;-410;1849;43
-27;-250;729;-19
-34;-320;1156;51
50;520;2500;4
12;140;144;69
-1;10;1;15
-64;-620;4096;51
63;650;3969;87
-20;-180;400;-81
30;320;900;-19
43;450;1849;31
33;350;1089;54
82;840;6724;24
-40;-380;1600;94
96;980;9216;23
-47;-450;2209;-47
-21;-190;441;-84
48;500;2304;-33
62;640;3844;-62
34;360;1156;-58
85;870;7225;49
-43;-410;1849;13
-75;-730;5625;-22
-97;-950;9409;-79
15;170;225;32
-4;-20;16;24
74;760;5476;-6
93;950;8649;100
3;50;9;-8
-34;-320;1156;16
45;470;2025;16
29;310;841;79
-7;-50;49;-82
78;800;6084;9
-8;-60;64;7
28;300;784;-80
-6;-40;36;56
77;790;5929;60
-20;-180;400;68
-30;-280;900;-2
-56;-540;3136;63
-75;-730;5625;-86
-45;-430;2025;-88
-20;-180;400;30
-83;-810;6889;51
56;580;3136;5
-13;-110;169;-27
-7;-50;49;-91
-69;-670;4761;-16
90;920;8100;-47
48;500;2304;-89
-84;-820;7056;-72
12;140;144;-92
-73;-710;5329;-66
95;970;9025;-19
59;610;3481;-78
39;410;1521;31
77;790;5929;-40
-54;-520;2916;-66
27;290;729;64
46;480;2116;40
-32;-300;1024;-98
84;860;7056;-1
57;590;3249;44
-51;-490;2601;-71
-35;-330;1225;9
60;620;3600;65
-78;-760;6084;-52
-64;-620;4096;27
-63;-610;3969;-69
-88;-860;7744;40
-2;0;4;56
-89;-870;7921;52
-42;-400;1764;-8
-66;-640;4356;-22
-74;-720;5476;-33
68;700;4624;-11
-10;-80;100;23
-17;-150;289;-93
7;90;49;84
-38;-360;1444;81
77;790;5929;23
35;370;1225;-74
-36;-340;1296;-45
13;150;169;-56
67;690;4489;-18
17;190;289;-29
94;960;8836;-94
84;860;7056;-49
63;650;3969;-29
2;40;4;-44
92;940;8464;91
2;40;4;-92
-20;-180;400;-39
-55;-530;3025;52
72;740;5184;-21
74;760;5476;-23
-99;-970;9801;64
-70;-680;4900;-98
33;350;1089;-64
81;830;6561;-29
-89;-870;7921;13
-27;-250;729;11
-15;-130;225;32
72;740;5184;-67
-29;-270;841;-76
-90;-880;8100;34
-49;-470;2401;24
-53;-510;2809;46
16;180;256;29
56;580;3136;44
-19;-170;361;-12
-58;-560;3364;29
70;720;4900;5
64;660;4096;48
-59;-570;3481;-91
51;530;2601;71
-81;-790;6561;22
-21;-190;441;39
-30;-280;900;-24
0;20;0;-34
39;410;1521;-28
55;570;3025;38
-12;-100;144;-38
-54;-520;2916;65
40;420;1600;-88
79;810;6241;-33
9;110;81;-27
7;90;49;-100
36;380;1296;81
-52;-500;2704;-62
91;930;8281;81
89;910;7921;16
29;310;841;54
71;730;5041;-5
-19;-170;361;-11
-43;-410;1849;70
-93;-910;8649;-29
16;180;256;99
33;350;1089;95
-91;-890;8281;-61
17;190;289;96
-30;-280;900;-18
69;710;4761;-67
-50;-480;2500;60
-16;-140;256;84
-6;-40;36;30
-86;-840;7396;-64
-17;-150;289;50
-12;-100;144;48
-10;-80;100;76
56;580;3136;-41
17;190;289;-61
65;670;4225;-76
-70;-680;4900;-65
9;110;81;-55
-79;-770;6241;-35
49;510;2401;-59
-35;-330;1225;37
44;460;1936;-4
30;320;900;-90
-87;-850;7569;-15
-89;-870;7921;-17
-35;-330;1225;-30
16;180;256;27
0;20;0;-68
-4;-20;16;81
-62;-600;3844;-55
-82;-800;6724;-91
-62;-600;3844;22
56;580;3136;46
98;1000;9604;48
-9;-70;81;-87
-29;-270;841;91
-15;-130;225;-74
33;350;1089;-49
-75;-730;5625;-65
34;360;1156;-21
96;980;9216;-1
-2;0;4;-69
-64;-620;4096;13
49;510;2401;-86
100;1020;10000;-37
-19;-170;361;-92
-97;-950;9409;60
73;750;5329;64
-32;-300;1024;-64
34;360;1156;-2
99;1010;9801;88
62;640;3844;-24
86;880;7396;-51
68;700;4624;-64
96;980;9216;-42
-43;-410;1849;11
70;720;4900;3
1;30;1;45
-27;-250;729;32
6;80;36;93
-62;-600;3844;-5
2;40;4;45
-48;-460;2304;97
90;920;8100;78
-9;-70;81;-84
-68;-660;4624;-82
86;880;7396;-68
7;90;49;-34
6;80;36;50
42;440;1764;-26
-13;-110;169;-38
48;500;2304;-97
-48;-460;2304;75
74;760;5476;-87
13;150;169;-17
-55;-530;3025;18
-100;-980;10000;-62
-42;-400;1764;-70
-92;-900;8464;98
-51;-490;2601;72
-2;0;4;-65
85;870;7225;-67
84;860;7056;10
-13;-110;169;-22
1;30;1;-71
-39;-370;1521;-82
18;200;324;-83
-89;-870;7921;-49
-93;-910;8649;49
63;650;3969;-52
90;920;8100;84
23;250;529;31
37;390;1369;94
-30;-280;900;-9
34;360;1156;73
89;910;7921;11
29;310;841;-78
84;860;7056;75
-9;-70;81;7
-81;-790;6561;87
90;920;8100;-24
78;800;6084;97
6;80;36;-71
-1;10;1;35
100;1020;10000;-19
10;120;100;92
-56;-540;3136;-36
39;410;1521;-22
6;80;36;53
18;200;324;58
-89;-870;7921;-25
35;370;1225;-12
11;130;121;93
96;980;9216;-69
31;330;961;25
77;790;5929;12
50;520;2500;19
45;470;2025;42
94;960;8836;26
61;630;3721;49
71;730;5041;19
97;990;9409;-49
34;360;1156;2
98;1000;9604;-28
55;570;3025;21
-46;-440;2116;-39
-9;-70;81;-35
75;770;5625;4
44;460;1936;-7
18;200;324;-57
-75;-730;5625;49
-11;-90;121;-89
-16;-140;256;47
-9;-70;81;23
-15;-130;225;-88
36;380;1296;73
-58;-560;3364;-26
72;740;5184;99
-76;-740;5776;-11
-9;-70;81;-90
6;80;36;-32
-8;-60;64;95
91;930;8281;-28
-10;-80;100;-83
33;350;1089;-88
22;240;484;-78
-72;-700;5184;64
-71;-690;5041;-34
41;430;1681;42
-73;-710;5329;-100
-87;-850;7569;76
21;230;441;91
-93;-910;8649;-27
-68;-660;4624;36
-84;-820;7056;-36
-11;-90;121;-49
51;530;2601;35
59;610;3481;-1
-65;-630;4225;-67
11;130;121;87
-58;-560;3364;-16
-64;-620;4096;20
14;160;196;72
9;110;81;-96
44;460;1936;-5
-20;-180;400;38
-48;-460;2304;6
15;170;225;-77
75;770;5625;-66
-53;-510;2809;-55
-92;-900;8464;-2
58;600;3364;-2
52;540;2704;-1
51;530;2601;-71
-13;-110;169;78
91;930;8281;74
-3;-10;9;-88
-39;-370;1521;39
0;20;0;-31
-88;-860;7744;-60
28;300;784;56
-64;-620;4096;18
46;480;2116;29
76;780;5776;-14
16;180;256;3
-3;-10;9;-22
-98;-960;9604;77
-66;-640;4356;-50
45;470;2025;-95
77;790;5929;28
-58;-560;3364;-86
82;840;6724;100
-64;-620;4096;81
18;200;324;-19
15;170;225;6
-86;-840;7396;70
-78;-760;6084;92
-76;-740;5776;71
-73;-710;5329;15
37;390;1369;55
29;310;841;-55
84;860;7056;-74
-22;-200;484;-88
-21;-190;441;-15
-33;-310;1089;71
65;670;4225;63
-9;-70;81;23
-91;-890;8281;25
60;620;3600;-22
-76;-740;5776;-51
70;720;4900;-64
-46;-440;2116;78
-49;-470;2401;25
28;300;784;7
-91;-890;8281;-87
-24;-220;576;-39
-38;-360;1444;37
-19;-170;361;25
38;400;1444;-28
96;980;9216;7
-95;-930;9025;31
-47;-450;2209;-94
-62;-600;3844;22
-61;-590;3721;-15
25;270;625;4
92;940;8464;-86
-99;-970;9801;58
47;490;2209;-27
-24;-220;576;-97
-8;-60;64;33
-55;-530;3025;-13
-48;-460;2304;-79
-80;-780;6400;-20
-80;-780;6400;47
-5;-30;25;-43
39;410;1521;-81
22;240;484;95
11;130;121;-48
43;450;1849;-23
12;140;144;-29
43;450;1849;-27
-36;-340;1296;-89
94;960;8836;5
-38;-360;1444;-47
-58;-560;3364;-15
-94;-920;8836;-26
9;110;81;79
-30;-280;900;-17
-7;-50;49;69
-43;-410;1849;46
76;780;5776;46
9;110;81;-71
-58;-560;3364;-63
22;240;484;-73
17;190;289;-68
20;220;400;13
-48;-460;2304;-4
58;600;3364;-52
-69;-670;4761;45
-21;-190;441;32
-38;-360;1444;-43
66;680;4356;-48
70;720;4900;76
95;970;9025;10
4;60;16;69
-3;-10;9;57
14;160;196;-43
4;60;16;-12
22;240;484;63
-90;-880;8100;-39
-97;-950;9409;-13
67;690;4489;-26
7;90;49;84
-50;-480;2500;-35
-5;-30;25;74
-61;-590;3721;86
25;270;625;-77
-100;-980;10000;26
-82;-800;6724;-89
82;840;6724;-9
-52;-500;2704;-73
14;160;196;-34
32;340;1024;20
-67;-650;4489;-49
-42;-400;1764;15
-5;-30;25;-21
-100;-980;10000;75
-46;-440;2116;28
-96;-940;9216;-99
-98;-960;9604;-87
-47;-450;2209;34
66;680;4356;11
81;830;6561;-42
10;120;100;-74
20;220;400;39
-70;-680;4900;17
36;380;1296;-75
7;90;49;-17
87;890;7569;53
86;880;7396;-43
50;520;2500;14
-45;-430;2025;88
72;740;5184;93
55;570;3025;22
92;940;8464;94
-16;-140;256;57
54;560;2916;-34
33;350;1089;-52
5;70;25;9
-90;-880;8100;-60
-50;-480;2500;65
80;820;6400;67
-78;-760;6084;72
-98;-960;9604;97
6;80;36;-90
64;660;4096;35
27;290;729;-6
-25;-230;625;74
17;190;289;0
-43;-410;1849;71
-14;-120;196;63
33;350;1089;60
-86;-840;7396;70
27;290;729;-79
82;840;6724;-15
34;360;1156;87
-68;-660;4624;88
-87;-850;7569;84
-79;-770;6241;38
19;210;361;-92
-7;-50;49;-88
36;380;1296;-14
-3;-10;9;77
-56;-540;3136;67
78;800;6084;13
38;400;1444;-19
-8;-60;64;49
-11;-90;121;91
71;730;5041;78
-9;-70;81;-13
22;240;484;18
70;720;4900;-61
51;530;2601;40
40;420;1600;-56
45;470;2025;82
-8;-60;64;-12
54;560;2916;75
-48;-460;2304;41
6;80;36;-94
-100;-980;10000;95
-25;-230;625;82
-30;-280;900;-2
40;420;1600;35
-73;-710;5329;-13
-57;-550;3249;94
20;220;400;2
41;430;1681;-52
-74;-720;5476;-54
-4;-20;16;24
-45;-430;2025;57
59;610;3481;84
-69;-670;4761;-30
-4;-20;16;-6
75;770;5625;77
89;910;7921;-12
-17;-150;289;-60
92;940;8464;4
61;630;3721;-19
44;460;1936;47
93;950;8649;43
-67;-650;4489;58
45;470;2025;48
32;340;1024;-99
-94;-920;8836;-59
-92;-900;8464;89
-92;-900;8464;46
-3;-10;9;-48
89;910;7921;36
-11;-90;121;51
28;300;784;65
-78;-760;6084;-53
-99;-970;9801;-84
-5;-30;25;-91
82;840;6724;-32
-7;-50;49;-49
97;990;9409;43
-61;-590;3721;-23
-59;-570;3481;-89
-79;-770;6241;-87
47;490;2209;-66
18;200;324;-76
-71;-690;5041;-68
-67;-650;4489;29
40;420;1600;-21
-37;-350;1369;-2
-41;-390;1681;48
79;810;6241;80
-75;-730;5625;-80
48;500;2304;-94
45;470;2025;-37
-46;-440;2116;-33
-24;-220;576;-34
62;640;3844;73
-74;-720;5476;-96
53;550;2809;69
65;670;4225;13
2;40;4;-88
67;690;4489;52
-67;-650;4489;8
69;710;4761;16
31;330;961;55
-83;-810;6889;-37
-5;-30;25;83
45;470;2025;-36
57;590;3249;-90
66;680;4356;-65
-54;-520;2916;25
-78;-760;6084;-38
88;900;7744;-76
79;810;6241;-53
84;860;7056;-67
21;230;441;96
48;500;2304;53
-46;-440;2116;49
-50;-480;2500;20
-82;-800;6724;-41
37;390;1369;-17
8;100;64;55
21;230;441;-76
93;950;8649;-46
-65;-630;4225;-57
48;500;2304;64
-11;-90;121;-84
24;260;576;-62
94;960;8836;-43
81;830;6561;71
-65;-630;4225;-11
80;820;6400;-75
96;980;9216;12
42;440;1764;-28
-86;-840;7396;27
4;60;16;33
80;820;6400;29
-58;-560;3364;-91
4;60;16;27
-70;-680;4900;-80
15;170;225;-3
55;570;3025;-28
-82;-800;6724;-36
-88;-860;7744;62
17;190;289;28
20;220;400;-14
78;800;6084;53
31;330;961;-88
22;240;484;85
81;830;6561;31
-19;-170;361;36
-63;-610;3969;29
12;140;144;99
-56;-540;3136;15
-69;-670;4761;40
-61;-590;3721;-88
83;850;6889;55
38;400;1444;-12
-33;-310;1089;53
78;800;6084;-75
-53;-510;2809;-4
47;490;2209;8
57;590;3249;4
-34;-320;1156;2
-90;-880;8100;50
-94;-920;8836;-98
75;770;5625;27
-100;-980;10000;-51
-96;-940;9216;-31
-45;-430;2025;66
70;720;4900;-62
-67;-650;4489;22
-48;-460;2304;93
35;370;1225;-23
-37;-350;1369;67
-7;-50;49;18
41;430;1681;44
58;600;3364;75
4;60;16;-26
-1;10;1;-91
-78;-760;6084;30
-24;-220;576;-18
-41;-390;1681;67
45;470;2025;90
-7;-50;49;-9
52;540;2704;-76
-37;-350;1369;-93
35;370;1225;-93
95;970;9025;59
57;590;3249;-92
38;400;1444;-89
32;340;1024;76
-10;-80;100;41
-70;-680;4900;21
84;860;7056;50
-44;-420;1936;-89
-44;-420;1936;-93
-96;-940;9216;-53
53;550;2809;19
4;60;16;-56
59;610;3481;-91
-69;-670;4761;82
61;630;3721;-84
43;450;1849;100
61;630;3721;-36
-6;-40;36;-54
-43;-410;1849;-9
-73;-710;5329;-45
21;230;441;-73
-42;-400;1764;-99
31;330;961;66
-62;-600;3844;-66
-58;-560;3364;91
-83;-810;6889;54
10;120;100;-43
-96;-940;9216;4
53;550;2809;19
-92;-900;8464;-82
-82;-800;6724;-17
68;700;4624;-22
10;120;100;-41
62;640;3844;24
31;330;961;81
96;980;9216;45
-94;-920;8836;-94
79;810;6241;-26
-91;-890;8281;-61
39;410;1521;-63
-56;-540;3136;63
8;100;64;-33
-51;-490;2601;-4
-78;-760;6084;-79
-87;-850;7569;73
-37;-350;1369;28
-72;-700;5184;-73
-49;-470;2401;-87
49;510;2401;-73
-31;-290;961;22
27;290;729;10
90;920;8100;16
98;1000;9604;-6
15;170;225;-93
98;1000;9604;-48
-87;-850;7569;-96
-19;-170;361;58
-93;-910;8649;-94
85;870;7225;-58
-4;-20;16;44
86;880;7396;-81
83;850;6889;-10
89;910;7921;-11
-37;-350;1369;-27
99;1010;9801;29
-82;-800;6724;80
82;840;6724;90
77;790;5929;73
-72;-700;5184;97
12;140;144;-94
-63;-610;3969;-24
-76;-740;5776;65
-70;-680;4900;70
-37;-350;1369;-12
46;480;2116;3
-90;-880;8100;-41
8;100;64;29
16;180;256;9
33;350;1089;-100
19;210;361;-49
22;240;484;77
-8;-60;64;-48
37;390;1369;-24
58;600;3364;-24
14;160;196;-71
34;360;1156;-10
-27;-250;729;-3
-55;-530;3025;-72
-43;-410;1849;-17
15;170;225;30
-33;-310;1089;-79
-84;-820;7056;19
75;770;5625;-73
-32;-300;1024;84
-46;-440;2116;35
18;200;324;-40
60;620;3600;10
18;200;324;40
-32;-300;1024;-3
-24;-220;576;-7
5;70;25;95
38;400;1444;76
1;30;1;58
47;490;2209;-75
18;200;324;95
10;120;100;-93
29;310;841;-86
-34;-320;1156;67
49;510;2401;-31
14;160;196;67
-56;-540;3136;-25
-88;-860;7744;72
84;860;7056;-27
-52;-500;2704;36
50;520;2500;34
-1;10;1;100
-65;-630;4225;-45
-35;-330;1225;93
49;510;2401;-49
99;1010;9801;59
-17;-150;289;95
59;610;3481;-100
-77;-750;5929;21
23;250;529;72
74;760;5476;-90
34;360;1156;58
91;930;8281;100
80;820;6400;19
-19;-170;361;47
44;460;1936;82
-29;-270;841;-51
-80;-780;6400;-90
-79;-770;6241;19
-17;-150;289;-32
-22;-200;484;73
-33;-310;1089;-44
-42;-400;1764;18
-38;-360;1444;22
-7;-50;49;31
-32;-300;1024;89
25;270;625;55
93;950;8649;92
-28;-260;784;48
-46;-440;2116;69
-80;-780;6400;56
-46;-440;2116;-75
60;620;3600;74
-8;-60;64;-8
-88;-860;7744;81
-23;-210;529;84
-51;-490;2601;-91
-98;-960;9604;-75
-38;-360;1444;-19
23;250;529;48
57;590;3249;-25
-2;0;4;72
49;510;2401;-64
61;630;3721;-100
-98;-960;9604;-100
-57;-550;3249;19
29;310;841;48
27;290;729;-96
89;910;7921;60
-3;-10;9;94
3;50;9;-33
93;950;8649;65
-22;-200;484;12
32;340;1024;96
67;690;4489;46
-35;-330;1225;93
-31;-290;961;6
66;680;4356;4
100;1020;10000;-36
55;570;3025;78
-60;-580;3600;-73
98;1000;9604;47
-27;-250;729;-29
50;520;2500;-94
72;740;5184;9
9;110;81;55
-90;-880;8100;-56
-19;-170;361;-72
-43;-410;1849;-100
-62;-600;3844;64
-49;-470;2401;4
62;640;3844;-84
68;700;4624;-75
-83;-810;6889;-70
-58;-560;3364;17
54;560;2916;69
11;130;121;5
-100;-980;10000;5
94;960;8836;85
60;620;3600;-56
28;300;784;7
79;810;6241;-44
-26;-240;676;42
96;980;9216;-83
-11;-90;121;15
-86;-840;7396;-62
44;460;1936;-3
-84;-820;7056;-7
85;870;7225;8
-85;-830;7225;10
-71;-690;5041;-93
-30;-280;900;-47
12;140;144;94
67;690;4489;90
91;930;8281;-54
-58;-560;3364;-98
43;450;1849;46
-30;-280;900;-87
-69;-670;4761;27
56;580;3136;45
-30;-280;900;4
-50;-480;2500;50
59;610;3481;58
72;740;5184;59
95;970;9025;43
-50;-480;2500;56
-72;-700;5184;-97
-16;-140;256;59
-77;-750;5929;68
-26;-240;676;48
49;510;2401;-60
8;100;64;-36
49;510;2401;78
95;970;9025;87
-95;-930;9025;29
-24;-220;576;-13
72;740;5184;-29
87;890;7569;-1
93;950;8649;-19
86;880;7396;-23
3;50;9;-77
-74;-720;5476;-54
-11;-90;121;-66
-34;-320;1156;-76
31;330;961;-88
20;220;400;-45
-49;-470;2401;74
86;880;7396;88
77;790;5929;26
-37;-350;1369;5
93;950;8649;100
-62;-600;3844;-61
-11;-90;121;22
50;520;2500;10
-6;-40;36;15
61;630;3721;-50
9;110;81;20
-27;-250;729;99
57;590;3249;42
-12;-100;144;-10
63;650;3969;-22
-13;-110;169;-11
-95;-930;9025;-48
-32;-300;1024;-27
14;160;196;63
-47;-450;2209;-81
-49;-470;2401;39
25;270;625;51
-26;-240;676;-77
-44;-420;1936;-53
46;480;2116;33
29;310;841;-98
61;630;3721;24
79;810;6241;94
-17;-150;289;-97
94;960;8836;-51
51;530;2601;-12
15;170;225;28
-1;10;1;-58
-38;-360;1444;75
-34;-320;1156;34
95;970;9025;37
1;30;1;-46
57;590;3249;-70
45;470;2025;-44
58;600;3364;-94
-22;-200;484;-40
95;970;9025;-47
1;30;1;49
-6;-40;36;97
-54;-520;2916;86
51;530;2601;-61
-45;-430;2025;75
-23;-210;529;-87
19;210;361;30
80;820;6400;-58
-49;-470;2401;0
6;80;36;7
57;590;3249;-65
-39;-370;1521;69
-73;-710;5329;-64
-6;-40;36;46
-40;-380;1600;-76
-48;-460;2304;13
77;790;5929;-89
-18;-160;324;82
51;530;2601;6
46;480;2116;26
-73;-710;5329;-58
7;90;49;-20
-89;-870;7921;1
-75;-730;5625;-1
-58;-560;3364;88
33;350;1089;54
-56;-540;3136;11
-78;-760;6084;54
-14;-120;196;-90
10;120;100;57
-64;-620;4096;50
77;790;5929;-47
-24;-220;576;64
62;640;3844;5
45;470;2025;-12
-94;-920;8836;-35
-95;-930;9025;-96
1;30;1;-14
-34;-320;1156;-48
-70;-680;4900;-8
40;420;1600;-20
-91;-890;8281;-45
76;780;5776;-22
-90;-880;8100;-48
-21;-190;441;80
72;740;5184;10
-2;0;4;63
17;190;289;57
65;670;4225;65
-41;-390;1681;3
5;70;25;28
-90;-880;8100;-19
-63;-610;3969;-56
96;980;9216;42
66;680;4356;-40
-68;-660;4624;-79
10;120;100;-42
85;870;7225;-77
-75;-730;5625;33
-82;-800;6724;-64
6;80;36;-33
-75;-730;5625;-86
84;860;7056;31
-5;-30;25;-67
-14;-120;196;94
99;1010;9801;81
51;530;2601;-29
69;710;4761;16
88;900;7744;67
-15;-130;225;-89
-11;-90;121;41
84;860;7056;-61
-64;-620;4096;78
15;170;225;86
69;710;4761;-19
31;330;961;-58
-25;-230;625;36
55;570;3025;-89
18;200;324;-5
-52;-500;2704;-41
-52;-500;2704;-43
-23;-210;529;39
8;100;64;-97
-15;-130;225;3
-86;-840;7396;-55
-55;-530;3025;62
36;380;1296;49
60;620;3600;-21
-26;-240;676;-96
36;380;1296;-20
11;130;121;-51
15;170;225;-55
-43;-410;1849;8
-24;-220;576;39
-7;-50;49;52
-90;-880;8100;66
-78;-760;6084;31
-79;-770;6241;-36
69;710;4761;-2
-17;-150;289;14
-46;-440;2116;7
-84;-820;7056;21
-44;-420;1936;-88
3;50;9;48
-55;-530;3025;14
51;530;2601;-45
34;360;1156;35
21;230;441;31
25;270;625;-26
22;240;484;1
76;780;5776;-70
-28;-260;784;29
-94;-920;8836;-47
-93;-910;8649;-69
-46;-440;2116;42
59;610;3481;66
57;590;3249;50
-68;-660;4624;93
39;410;1521;2
32;340;1024;-69
56;580;3136;90
75;770;5625;-63
58;600;3364;90
-53;-510;2809;75
-74;-720;5476;6
-13;-110;169;22
-45;-430;2025;-53
83;850;6889;58
-60;-580;3600;-28
28;300;784;22
-20;-180;400;-79
6;80;36;-100
63;650;3969;-98
64;660;4096;-43
10;120;100;-94
60;620;3600;0
-71;-690;5041;94
42;440;1764;27
67;690;4489;-63
-67;-650;4489;-40
-77;-750;5929;-25
-66;-640;4356;-30
34;360;1156;-27
43;450;1849;95
88;900;7744;-9
-75;-730;5625;74
89;910;7921;-70
-71;-690;5041;-37
67;690;4489;-52
61;630;3721;76
5;70;25;17
63;650;3969;-54
-79;-770;6241;-43
-78;-760;6084;4
0;20;0;29
-46;-440;2116;78
90;920;8100;-24
-66;-640;4356;-93
-40;-380;1600;42
52;540;2704;41
-64;-620;4096;-20
-25;-230;625;25
39;410;1521;91
23;250;529;3
-48;-460;2304;32
-74;-720;5476;29
55;570;3025;12
-52;-500;2704;-70
-84;-820;7056;-94
29;310;841;-19
-64;-620;4096;43
-54;-520;2916;-83
80;820;6400;72
72;740;5184;-32
78;800;6084;89
-51;-490;2601;90
21;230;441;-47
-58;-560;3364;-56
12;140;144;-84
52;540;2704;16
80;820;6400;-65
66;680;4356;-5
72;740;5184;-2
52;540;2704;94
-76;-740;5776;-28
-53;-510;2809;3
26;280;676;-21
76;780;5776;-27
6;80;36;-87
-57;-550;3249;67
-25;-230;625;69
40;420;1600;77
71;730;5041;18
-21;-190;441;50
-62;-600;3844;12
19;210;361;87
-66;-640;4356;49
-62;-600;3844;-51
0;20;0;-71
15;170;225;14
91;930;8281;-3
7;90;49;-94
-25;-230;625;-37
-8;-60;64;84
46;480;2116;-52
7;90;49;-44
-59;-570;3481;83
-28;-260;784;-29
-41;-390;1681;-78
-63;-610;3969;44
96;980;9216;38
60;620;3600;-35
-50;-480;2500;-73
-70;-680;4900;21
-48;-460;2304;-62
87;890;7569;-59
-96;-940;9216;84
-30;-280;900;-49
5;70;25;53
-22;-200;484;47
78;800;6084;-36
-37;-350;1369;-84
-64;-620;4096;24
96;980;9216;82
-18;-160;324;-76
-69;-670;4761;-87
-14;-120;196;-53
3;50;9;7
44;460;1936;79
92;940;8464;-16
-62;-600;3844;53
-39;-370;1521;-15
38;400;1444;18
-64;-620;4096;-97
70;720;4900;97
-6;-40;36;87
91;930;8281;-70
75;770;5625;57
14;160;196;10
-52;-500;2704;83
-50;-480;2500;68
-81;-790;6561;42
46;480;2116;-16
-51;-490;2601;-50
-40;-380;1600;-19
-24;-220;576;20
-39;-370;1521;-80
23;250;529;-56
61;630;3721;46
54;560;2916;75
51;530;2601;-77
50;520;2500;55
51;530;2601;12
18;200;324;51
-1;10;1;68
-28;-260;784;-16
-2;0;4;61
-1;10;1;-2
-25;-230;625;-40
-55;-530;3025;-31
23;250;529;-92
-84;-820;7056;78
66;680;4356;42
-69;-670;4761;-88
-21;-190;441;67
94;960;8836;4
-35;-330;1225;95
-34;-320;1156;28
-42;-400;1764;16
13;150;169;39
39;410;1521;8
-84;-820;7056;82
68;700;4624;80
-89;-870;7921;32
10;120;100;-48
18;200;324;97
-60;-580;3600;95
-95;-930;9025;8
-75;-730;5625;47
-94;-920;8836;67
69;710;4761;-99
59;610;3481;51
24;260;576;-7
78;800;6084;-45
-58;-560;3364;46
-99;-970;9801;71
72;740;5184;-6
35;370;1225;51
-27;-250;729;90
-91;-890;8281;-8
-58;-560;3364;-64
-29;-270;841;-86
92;940;8464;66
16;180;256;56
-12;-100;144;-97
-56;-540;3136;-8
74;760;5476;-81
-12;-100;144;-12
-87;-850;7569;-76
65;670;4225;-8
81;830;6561;-10
93;950;8649;50
-49;-470;2401;11
69;710;4761;-52
-74;-720;5476;70
86;880;7396;63
34;360;1156;-4
12;140;144;42
86;880;7396;54
71;730;5041;85
-30;-280;900;69
-11;-90;121;-39
-16;-140;256;-36
35;370;1225;-30
-31;-290;961;-42
-37;-350;1369;-77
-5;-30;25;-72
65;670;4225;-24
-59;-570;3481;-79
83;850;6889;23
-61;-590;3721;-62
-55;-530;3025;-50
30;320;900;17
49;510;2401;-3
19;210;361;75
73;750;5329;-79
-13;-110;169;78
-24;-220;576;-84
-57;-550;3249;91
70;720;4900;-26
-46;-440;2116;88
64;660;4096;32
-25;-230;625;78
-85;-830;7225;-55
-83;-810;6889;71
-86;-840;7396;26
53;550;2809;70
-17;-150;289;17
-100;-980;10000;-64
42;440;1764;-25
-22;-200;484;-93
-14;-120;196;78
42;440;1764;41
-65;-630;4225;85
-68;-660;4624;-38
-38;-360;1444;-83
-60;-580;3600;77
31;330;961;30
40;420;1600;-81
71;730;5041;-71
-50;-480;2500;-13
-7;-50;49;68
-4;-20;16;-54
-86;-840;7396;53
-79;-770;6241;-14
-76;-740;5776;-54
74;760;5476;99
60;620;3600;-41
-54;-520;2916;-62
88;900;7744;82
-43;-410;1849;40
-53;-510;2809;51
-90;-880;8100;-84
72;740;5184;71
-1;10;1;-22
-29;-270;841;9
53;550;2809;55
-54;-520;2916;17
58;600;3364;-42
94;960;8836;-58
-10;-80;100;8
-81;-790;6561;-3
-10;-80;100;60
72;740;5184;-54
-42;-400;1764;79
-33;-310;1089;-72
59;610;3481;76
86;880;7396;85
75;770;5625;43
61;630;3721;3
65;670;4225;14
33;350;1089;-64
-61;-590;3721;-5
-10;-80;100;-16
-92;-900;8464;-7
74;760;5476;-69
49;510;2401;-73
61;630;3721;-44
90;920;8100;-82
-82;-800;6724;77
63;650;3969;-9
32;340;1024;57
44;460;1936;-32
8;100;64;-29
-91;-890;8281;-58
-51;-490;2601;8
-98;-960;9604;-50
35;370;1225;-57
65;670;4225;43
-47;-450;2209;-44
58;600;3364;-75
-36;-340;1296;-67
52;540;2704;88
29;310;841;15
-1;10;1;47
-74;-720;5476;86
-31;-290;961;-85
-55;-530;3025;34
95;970;9025;-98
-32;-300;1024;93
85;870;7225;0
37;390;1369;63
20;220;400;-92
22;240;484;-58
93;950;8649;72
-96;-940;9216;93
-80;-780;6400;73
-88;-860;7744;11
-24;-220;576;-98
-24;-220;576;63
-25;-230;625;59
45;470;2025;92
-1;10;1;-34
-48;-460;2304;-27
-40;-380;1600;-26
-41;-390;1681;66
89;910;7921;-20
88;900;7744;-34
93;950;8649;23
-43;-410;1849;53
-73;-710;5329;-11
-47;-450;2209;-89
6;80;36;-28
-77;-750;5929;22
84;860;7056;-83
69;710;4761;-19
90;920;8100;-12
41;430;1681;41
-87;-850;7569;24
13;150;169;57
18;200;324;70
67;690;4489;47
88;900;7744;-56
-48;-460;2304;-53
36;380;1296;89
-79;-770;6241;-26
25;270;625;-35
-95;-930;9025;-11
-53;-510;2809;-83
-94;-920;8836;-87
27;290;729;-74
-9;-70;81;-40
-26;-240;676;18
-2;0;4;30
9;110;81;-80
59;610;3481;2
-57;-550;3249;16
-70;-680;4900;-47
16;180;256;43
92;940;8464;94
-25;-230;625;-58
-20;-180;400;-96
38;400;1444;-41
-22;-200;484;-49
-38;-360;1444;-5
76;780;5776;53
25;270;625;23
-72;-700;5184;81
39;410;1521;-52
-39;-370;1521;17
-85;-830;7225;44
-97;-950;9409;28
39;410;1521;-34
-24;-220;576;-12
50;520;2500;35
-62;-600;3844;-32
83;850;6889;90
96;980;9216;-98
45;470;2025;80
-42;-400;1764;64
85;870;7225;-65
-37;-350;1369;69
-91;-890;8281;-82
55;570;3025;-18
-65;-630;4225;-34
10;120;100;44
53;550;2809;-57
-49;-470;2401;-20
49;510;2401;-22
-60;-580;3600;-87
77;790;5929;-20
89;910;7921;73
-29;-270;841;46
40;420;1600;-54
-36;-340;1296;56
8;100;64;-7
-68;-660;4624;-63
100;1020;10000;75
-54;-520;2916;-5
-53;-510;2809;-58
-21;-190;441;86
98;1000;9604;-20
46;480;2116;73
44;460;1936;-58
45;470;2025;-30
-15;-130;225;27
-44;-420;1936;-77
-96;-940;9216;-10
5;70;25;-26
-3;-10;9;-12
76;780;5776;-37
-46;-440;2116;-84
-4;-20;16;64
-99;-970;9801;77
34;360;1156;-5
63;650;3969;61
-15;-130;225;-3
48;500;2304;-28
13;150;169;-89
-99;-970;9801;14
22;240;484;-84
48;500;2304;-82
38;400;1444;79
83;850;6889;69
25;270;625;-44
67;690;4489;-53
18;200;324;-7
-64;-620;4096;60
-30;-280;900;-22
-71;-690;5041;-87
-7;-50;49;-13
51;530;2601;-72
15;170;225;-64
-93;-910;8649;59
-90;-880;8100;-70
17;190;289;-60
15;170;225;-47
27;290;729;17
-32;-300;1024;17
79;810;6241;-15
0;20;0;-55
-54;-520;2916;-13
92;940;8464;-3
-6;-40;36;64
-55;-530;3025;30
35;370;1225;49
68;700;4624;16
-5;-30;25;-39
-35;-330;1225;52
-42;-400;1764;-100
-87;-850;7569;-50
80;820;6400;-42
-48;-460;2304;-31
-36;-340;1296;49
-81;-790;6561;14
61;630;3721;-83
-6;-40;36;47
58;600;3364;92
51;530;2601;-79
-23;-210;529;-82
62;640;3844;-47
44;460;1936;-71
-30;-280;900;41
-9;-70;81;54
-42;-400;1764;-80
74;760;5476;-89
-29;-270;841;71
77;790;5929;-87
-91;-890;8281;12
71;730;5041;-97
8;100;64;20
26;280;676;75
43;450;1849;74
4;60;16;63
-99;-970;9801;45
12;140;144;-93
-50;-480;2500;-94
16;180;256;43
-95;-930;9025;89
21;230;441;90
-59;-570;3481;-63
36;380;1296;24
9;110;81;30
85;870;7225;-47
67;690;4489;94
-48;-460;2304;-73
58;600;3364;36
88;900;7744;25
-21;-190;441;-75
-42;-400;1764;11
-97;-950;9409;-97
44;460;1936;93
-70;-680;4900;54
-11;-90;121;-10
-44;-420;1936;49
-74;-720;5476;21
-76;-740;5776;-31
-50;-480;2500;33
-18;-160;324;25
71;730;5041;-57
-7;-50;49;-17
-75;-730;5625;-7
-100;-980;10000;-42
11;130;121;-71
74;760;5476;-59
89;910;7921;33
-27;-250;729;65
54;560;2916;-25
60;620;3600;-35
89;910;7921;-16
-21;-190;441;44
-44;-420;1936;-48
-71;-690;5041;24
44;460;1936;-24
-4;-20;16;-93
58;600;3364;-34
-23;-210;529;-58
-72;-700;5184;0
-55;-530;3025;77
24;260;576;-21
17;190;289;24
-70;-680;4900;-35
-25;-230;625;-70
24;260;576;-95
-71;-690;5041;51
-99;-970;9801;-50
98;1000;9604;77
-97;-950;9409;-85
-11;-90;121;28
-37;-350;1369;58
-58;-560;3364;28
50;520;2500;-52
-86;-840;7396;97
-9;-70;81;-29
-24;-220;576;-25
-1;10;1;-98
-83;-810;6889;-71
2;40;4;49
13;150;169;-31
-56;-540;3136;62
40;420;1600;40
86;880;7396;-58
35;370;1225;-92
-60;-580;3600;81
84;860;7056;-44
9;110;81;54
13;150;169;56
94;960;8836;50
-29;-270;841;82
-27;-250;729;75
-78;-760;6084;52
74;760;5476;42
-22;-200;484;44
1;30;1;-46
-79;-770;6241;-5
-41;-390;1681;-27
-46;-440;2116;-52
96;980;9216;43
-3;-10;9;82
86;880;7396;-76
-29;-270;841;25
50;520;2500;-39
79;810;6241;23
0;20;0;36
20;220;400;63
9;110;81;22
16;180;256;-93
65;670;4225;-74
55;570;3025;51
-52;-500;2704;-44
47;490;2209;-69
-11;-90;121;-55
-22;-200;484;61
-9;-70;81;-36
-96;-940;9216;10
-57;-550;3249;-19
-56;-540;3136;47
26;280;676;-70
-82;-800;6724;38
99;1010;9801;71
-80;-780;6400;16
-65;-630;4225;86
-14;-120;196;-83
-77;-750;5929;40
-16;-140;256;-62
42;440;1764;3
72;740;5184;-27
77;790;5929;-85
0;20;0;-12
-68;-660;4624;88
-90;-880;8100;-80
31;330;961;16
-33;-310;1089;82
11;130;121;46
63;650;3969;30
39;410;1521;80
-61;-590;3721;12
30;320;900;-44
-99;-970;9801;13
-69;-670;4761;-52
54;560;2916;-35
-44;-420;1936;88
53;550;2809;-86
78;800;6084;-79
-41;-390;1681;19
35;370;1225;75
64;660;4096;11
98;1000;9604;-52
-52;-500;2704;55
-70;-680;4900;11
68;700;4624;-87
62;640;3844;36
7;90;49;82
11;130;121;-96
-14;-120;196;67
44;460;1936;73
-32;-300;1024;98
-76;-740;5776;91
18;200;324;-82
-46;-440;2116;49
10;120;100;11
-22;-200;484;59
80;820;6400;-63
-62;-600;3844;20
-30;-280;900;-92
48;500;2304;-97
-2;0;4;19
87;890;7569;-48
3;50;9;2
-29;-270;841;10
-29;-270;841;6
75;770;5625;76
7;90;49;42
59;610;3481;12
-86;-840;7396;-42
-2;0;4;-55
64;660;4096;-49
-88;-860;7744;-9
45;470;2025;4
-69;-670;4761;-48
64;660;4096;35
10;120;100;-18
-13;-110;169;-21
100;1020;10000;2
-49;-470;2401;59
-49;-470;2401;-50
-46;-440;2116;87
-15;-130;225;25
50;520;2500;33
77;790;5929;-27
5;70;25;41
74;760;5476;-36
84;860;7056;87
59;610;3481;47
-68;-660;4624;96
-21;-190;441;-55
-61;-590;3721;63
38;400;1444;-46
-51;-490;2601;46
84;860;7056;56
60;620;3600;18
-26;-240;676;88
74;760;5476;82
-56;-540;3136;-22
-6;-40;36;-12
-69;-670;4761;-91
30;320;900;-26
-29;-270;841;-14
-35;-330;1225;68
-35;-330;1225;100
-52;-500;2704;6
-58;-560;3364;24
-66;-640;4356;-3
88;900;7744;-14
-27;-250;729;-92
1;30;1;-88
-65;-630;4225;-81
9;110;81;52
15;170;225;-95
77;790;5929;89
-17;-150;289;-32
-84;-820;7056;73
-22;-200;484;95
-60;-580;3600;8
-94;-920;8836;-48
44;460;1936;31
86;880;7396;96
56;580;3136;34
-47;-450;2209;90
26;280;676;86
-90;-880;8100;79
-10;-80;100;-45
-32;-300;1024;-55
-10;-80;100;38
92;940;8464;20
-41;-390;1681;60
75;770;5625;90
9;110;81;15
-75;-730;5625;-34
-93;-910;8649;94
-34;-320;1156;31
55;570;3025;-22
66;680;4356;-18
-75;-730;5625;31
52;540;2704;-37
22;240;484;-70
-56;-540;3136;3
0;20;0;84
27;290;729;85
78;800;6084;-87
-28;-260;784;59
7;90;49;-80
-15;-130;225;21
23;250;529;-31
31;330;961;-93
0;20;0;-19
46;480;2116;13
-72;-700;5184;33
31;330;961;-71
-71;-690;5041;62
33;350;1089;93
-75;-730;5625;-93
59;610;3481;-10
38;400;1444;85
-57;-550;3249;-12
-57;-550;3249;32
99;1010;9801;-60
-32;-300;1024;87
72;740;5184;-64
-17;-150;289;54
-17;-150;289;68
93;950;8649;-56
25;270;625;2
-46;-440;2116;17
91;930;8281;-100
-62;-600;3844;-45
-100;-980;10000;68
-13;-110;169;-65
90;920;8100;27
96;980;9216;100
-93;-910;8649;34
-55;-530;3025;33
-63;-610;3969;17
51;530;2601;-84
47;490;2209;-62
44;460;1936;-51
12;140;144;53
-76;-740;5776;-4
0;20;0;34
-94;-920;8836;60
-52;-500;2704;-62
-70;-680;4900;-57
69;710;4761;23
-88;-860;7744;-9
-37;-350;1369;46
-56;-540;3136;85
-48;-460;2304;-66
2;40;4;97
32;340;1024;70
75;770;5625;-55
-35;-330;1225;76
-18;-160;324;77
100;1020;10000;38
-86;-840;7396;53
85;870;7225;94
-53;-510;2809;-78
47;490;2209;89
34;360;1156;31
-100;-980;10000;17
19;210;361;-32
-14;-120;196;6
-19;-170;361;-2
88;900;7744;59
-46;-440;2116;-11
38;400;1444;30
26;280;676;87
-21;-190;441;81
-9;-70;81;-73
-69;-670;4761;-58
43;450;1849;94
70;720;4900;-79
28;300;784;11
-15;-130;225;-48
-34;-320;1156;57
95;970;9025;-28
61;630;3721;-70
-1;10;1;-49
-71;-690;5041;31
50;520;2500;-83
-64;-620;4096;92
-83;-810;6889;-54
-47;-450;2209;46
4;60;16;-43
-56;-540;3136;-95
-84;-820;7056;85
-11;-90;121;85
58;600;3364;78
19;210;361;-100
-97;-950;9409;23
-100;-980;10000;-9
-98;-960;9604;13
69;710;4761;-34
63;650;3969;27
-38;-360;1444;89
73;750;5329;-30
-65;-630;4225;-73
-64;-620;4096;97
-30;-280;900;99
-8;-60;64;52
-16;-140;256;50
-98;-960;9604;-17
-33;-310;1089;-72
7;90;49;85
-4;-20;16;-48
17;190;289;12
-5;-30;25;30
81;830;6561;-22
-50;-480;2500;45
-68;-660;4624;-10
-52;-500;2704;72
-39;-370;1521;18
7;90;49;-67
-22;-200;484;-55
-49;-470;2401;-42
43;450;1849;92
-95;-930;9025;-8
-29;-270;841;73
-5;-30;25;73
67;690;4489;-65
70;720;4900;-28
-82;-800;6724;48
14;160;196;61
0;20;0;33
-89;-870;7921;-24
-75;-730;5625;65
-9;-70;81;-85
-5;-30;25;-13
88;900;7744;-57
-85;-830;7225;7
46;480;2116;-26
-39;-370;1521;-86
-21;-190;441;28
-47;-450;2209;82
99;1010;9801;-26
50;520;2500;-95
81;830;6561;-98
-85;-830;7225;-16
-94;-920;8836;-41
-56;-540;3136;-12
0;20;0;-27
-71;-690;5041;27
27;290;729;-13
-64;-620;4096;-83
89;910;7921;-16
41;430;1681;72
-67;-650;4489;-77
15;170;225;74
99;1010;9801;-14
86;880;7396;-91
-80;-780;6400;38
78;800;6084;-82
-11;-90;121;63
-91;-890;8281;0
-83;-810;6889;50
25;270;625;77
10;120;100;46
51;530;2601;27
33;350;1089;48
-88;-860;7744;-86
41;430;1681;25
88;900;7744;-13
-41;-390;1681;60
-45;-430;2025;-28
80;820;6400;-5
49;510;2401;38
95;970;9025;-45
-95;-930;9025;-2
-50;-480;2500;36
38;400;1444;-96
61;630;3721;38
53;550;2809;-11
-66;-640;4356;54
50;520;2500;38
87;890;7569;66
-8;-60;64;-57
-34;-320;1156;66
-9;-70;81;51
62;640;3844;-53
-52;-500;2704;-80
58;600;3364;-28
12;140;144;-74
75;770;5625;-63
9;110;81;40
6;80;36;0
-46;-440;2116;-92
16;180;256;36
86;880;7396;76
55;570;3025;58
81;830;6561;-25
13;150;169;0
-75;-730;5625;2
64;660;4096;-78
-57;-550;3249;24
58;600;3364;49
33;350;1089;49
80;820;6400;57
-60;-580;3600;20
-55;-530;3025;-82
60;620;3600;61
-17;-150;289;68
-42;-400;1764;5
79;810;6241;-28
-93;-910;8649;-86
-18;-160;324;100
17;190;289;-21
100;1020;10000;31
59;610;3481;0
12;140;144;41
-18;-160;324;-9
39;410;1521;14
-58;-560;3364;-11
51;530;2601;99
35;370;1225;-5
-61;-590;3721;62
9;110;81;17
-61;-590;3721;-12
-88;-860;7744;1
-66;-640;4356;-29
-21;-190;441;57
0;20;0;-5
63;650;3969;8
77;790;5929;39
30;320;900;-77
-37;-350;1369;37
-12;-100;144;-2
-74;-720;5476;82
-1;10;1;-61
-35;-330;1225;28
-82;-800;6724;7
94;960;8836;-40
4;60;16;-27
-59;-570;3481;-58
-37;-350;1369;-69
84;860;7056;8
-57;-550;3249;-95
-35;-330;1225;-77
-2;0;4;-100
89;910;7921;60
25;270;625;-18
-52;-500;2704;35
73;750;5329;56
72;740;5184;60
13;150;169;-32
22;240;484;2
19;210;361;-82
-54;-520;2916;30
53;550;2809;41
-21;-190;441;-55
-56;-540;3136;-68
-96;-940;9216;7
75;770;5625;-9
-8;-60;64;-76
-55;-530;3025;64
-11;-90;121;88
34;360;1156;-4
-23;-210;529;12
29;310;841;-7
-72;-700;5184;-100
82;840;6724;-13
-25;-230;625;-42
64;660;4096;-73
-78;-760;6084;-20
83;850;6889;43
68;700;4624;47
-57;-550;3249;84
-32;-300;1024;66
-10;-80;100;-32
-13;-110;169;23
-43;-410;1849;32
-68;-660;4624;94
81;830;6561;2
32;340;1024;84
72;740;5184;8
-69;-670;4761;-14
-71;-690;5041;-32
-83;-810;6889;19
75;770;5625;4
97;990;9409;26
59;610;3481;-44
-29;-270;841;71
-59;-570;3481;62
63;650;3969;15
78;800;6084;98
21;230;441;73
67;690;4489;98
-44;-420;1936;71
0;20;0;-49
54;560;2916;-65
59;610;3481;40
60;620;3600;82
60;620;3600;69
12;140;144;-31
1;30;1;-42
-78;-760;6084;5
-19;-170;361;87
-60;-580;3600;49
-11;-90;121;17
-74;-720;5476;-82
-2;0;4;-65
-16;-140;256;73
-93;-910;8649;-44
-71;-690;5041;-86
-29;-270;841;78
75;770;5625;-16
-45;-430;2025;-78
27;290;729;66
25;270;625;-14
-3;-10;9;-7
73;750;5329;66
-74;-720;5476;-17
47;490;2209;29
54;560;2916;60
-49;-470;2401;31
-81;-790;6561;32
-32;-300;1024;-48
38;400;1444;88
-20;-180;400;88
-19;-170;361;-62
1;30;1;26
-89;-870;7921;-52
66;680;4356;15
-88;-860;7744;72
37;390;1369;88
-61;-590;3721;-47
26;280;676;66
-28;-260;784;16
-13;-110;169;-16
79;810;6241;-33
61;630;3721;-40
-27;-250;729;18
-39;-370;1521;-75
-3;-10;9;99
81;830;6561;-54
-18;-160;324;-6
-96;-940;9216;-10
-20;-180;400;-24
-28;-260;784;-25
-61;-590;3721;87
-35;-330;1225;-88
-12;-100;144;68
-88;-860;7744;99
43;450;1849;45
57;590;3249;-38
-61;-590;3721;50
85;870;7225;46
-23;-210;529;-61
-96;-940;9216;-28
84;860;7056;3
-41;-390;1681;-18
36;380;1296;-91
56;580;3136;27
-68;-660;4624;2
62;640;3844;-100
-4;-20;16;46
-95;-930;9025;-78
-40;-380;1600;-18
-100;-980;10000;-63
-37;-350;1369;48
52;540;2704;-31
-80;-780;6400;-1
-39;-370;1521;-16
-48;-460;2304;51
7;90;49;-47
34;360;1156;58
10;120;100;-98
29;310;841;-47
-49;-470;2401;-67
-1;10;1;-4
10;120;100;-79
-4;-20;16;58
-88;-860;7744;-36
37;390;1369;-43
-93;-910;8649;60
95;970;9025;30
-93;-910;8649;-99
-65;-630;4225;68
-81;-790;6561;-50
6;80;36;-56
-21;-190;441;92
-1;10;1;-86
31;330;961;-33
29;310;841;-92
97;990;9409;-5
-4;-20;16;-4
96;980;9216;-9
13;150;169;-91
9;110;81;-42
-1;10;1;12
-30;-280;900;30
46;480;2116;-37
-63;-610;3969;6
32;340;1024;65
-83;-810;6889;41
37;390;1369;-27
-21;-190;441;7
45;470;2025;95
-12;-100;144;-35
36;380;1296;94
92;940;8464;60
-79;-770;6241;-98
15;170;225;11
-63;-610;3969;7
74;760;5476;-33
-56;-540;3136;55
-85;-830;7225;-97
-62;-600;3844;-54
-29;-270;841;-66
72;740;5184;-17
-43;-410;1849;26
20;220;400;51
13;150;169;78
71;730;5041;-46
-62;-600;3844;-2
90;920;8100;-43
74;760;5476;-76
-4;-20;16;4
17;190;289;61
70;720;4900;-38
28;300;784;48
90;920;8100;65
53;550;2809;-18
1;30;1;79
37;390;1369;-18
45;470;2025;-99
15;170;225;-96
-67;-650;4489;-70
51;530;2601;14
-6;-40;36;80
14;160;196;-75
41;430;1681;-77
76;780;5776;-95
82;840;6724;69
-69;-670;4761;46
68;700;4624;64
87;890;7569;57
9;110;81;36
-96;-940;9216;11
60;620;3600;50
-92;-900;8464;-77
-36;-340;1296;-22
2;40;4;21
97;990;9409;69
3;50;9;-74
-5;-30;25;-80
-71;-690;5041;-60
-99;-970;9801;98
84;860;7056;83
55;570;3025;-36
25;270;625;63
98;1000;9604;-44
50;520;2500;-92
-73;-710;5329;71
-14;-120;196;-58
84;860;7056;-43
52;540;2704;55
58;600;3364;-60
27;290;729;-28
-95;-930;9025;-97
-66;-640;4356;24
-48;-460;2304;85
-51;-490;2601;57
41;430;1681;12
82;840;6724;-51
-31;-290;961;4
-99;-970;9801;-60
39;410;1521;91
43;450;1849;-37
-41;-390;1681;88
-80;-780;6400;79
48;500;2304;50
28;300;784;58
4;60;16;5
-73;-710;5329;24
-46;-440;2116;13
82;840;6724;57
-79;-770;6241;-60
75;770;5625;84
42;440;1764;80
-87;-850;7569;-1
1;30;1;55
22;240;484;57
-33;-310;1089;88
97;990;9409;20
-73;-710;5329;19
-37;-350;1369;-12
32;340;1024;45
14;160;196;-61
-69;-670;4761;76
-18;-160;324;2
-23;-210;529;25
-39;-370;1521;29
-56;-540;3136;75
82;840;6724;60
-78;-760;6084;-24
-75;-730;5625;53
41;430;1681;10
-22;-200;484;4
-61;-590;3721;-69
-56;-540;3136;-38
-94;-920;8836;-22
-15;-130;225;-82
-36;-340;1296;98
54;560;2916;-62
20;220;400;-84
7;90;49;26
59;610;3481;63
31;330;961;-49
-85;-830;7225;-8
-94;-920;8836;-93
-31;-290;961;96
-28;-260;784;-49
-20;-180;400;75
-92;-900;8464;38
-68;-660;4624;25
-80;-780;6400;-13
-84;-820;7056;8
-6;-40;36;47
88;900;7744;12
-41;-390;1681;-44
-29;-270;841;61
-84;-820;7056;97
-81;-790;6561;54
-38;-360;1444;-11
45;470;2025;59
-51;-490;2601;75
-34;-320;1156;97
45;470;2025;13
-41;-390;1681;-43
-58;-560;3364;-49
41;430;1681;-77
40;420;1600;-81
-95;-930;9025;-7
35;370;1225;-50
-21;-190;441;-1
84;860;7056;38
7;90;49;-97
91;930;8281;-88
-51;-490;2601;-95
-7;-50;49;57
47;490;2209;-70
59;610;3481;25
-8;-60;64;6
-19;-170;361;-96
-28;-260;784;11
49;510;2401;100
-95;-930;9025;85
-74;-720;5476;3
-19;-170;361;-16
-1;10;1;73
-98;-960;9604;4
-52;-500;2704;-69
-62;-600;3844;25
-44;-420;1936;2
-29;-270;841;33
-36;-340;1296;-77
0;20;0;-79
48;500;2304;34
68;700;4624;27
-40;-380;1600;93
-25;-230;625;-4
76;780;5776;98
-15;-130;225;6
-90;-880;8100;-83
46;480;2116;46
74;760;5476;58
67;690;4489;67
-65;-630;4225;48
42;440;1764;-37
88;900;7744;-18
-12;-100;144;8
-67;-650;4489;-31
61;630;3721;-77
11;130;121;60
-34;-320;1156;77
-56;-540;3136;55
25;270;625;27
33;350;1089;91
-79;-770;6241;43
11;130;121;-91
-23;-210;529;38
-37;-350;1369;-22
28;300;784;87
-75;-730;5625;-61
-41;-390;1681;-57
-24;-220;576;-74
39;410;1521;-54
-50;-480;2500;-3
30;320;900;-80
40;420;1600;-24
-56;-540;3136;-37
-71;-690;5041;73
-94;-920;8836;65
24;260;576;-22
-24;-220;576;-81
-59;-570;3481;92
-63;-610;3969;-46
-69;-670;4761;-95
66;680;4356;67
0;20;0;-85
6;80;36;-30
86;880;7396;11
-8;-60;64;29
-70;-680;4900;-9
-20;-180;400;-55
50;520;2500;14
6;80;36;65
-10;-80;100;-75
65;670;4225;88
-50;-480;2500;9
-22;-200;484;6
27;290;729;-34
65;670;4225;99
-55;-530;3025;11
-60;-580;3600;87
12;140;144;44
-84;-820;7056;-41
-83;-810;6889;-34
35;370;1225;-73
24;260;576;-6
-86;-840;7396;29
29;310;841;65
67;690;4489;40
49;510;2401;5
-46;-440;2116;-56
7;90;49;70
68;700;4624;-56
-60;-580;3600;-47
60;620;3600;46
71;730;5041;-57
-38;-360;1444;84
-63;-610;3969;86
89;910;7921;-65
77;790;5929;-91
-85;-830;7225;-84
67;690;4489;-99
-20;-180;400;-45
-61;-590;3721;-59
-74;-720;5476;56
43;450;1849;44
15;170;225;16
-54;-520;2916;-4
-28;-260;784;40
31;330;961;29
7;90;49;-98
-34;-320;1156;76
47;490;2209;43
52;540;2704;-59
80;820;6400;99
58;600;3364;-51
-25;-230;625;76
-36;-340;1296;90
73;750;5329;59
-39;-370;1521;97
-62;-600;3844;62
-86;-840;7396;-82
-39;-370;1521;93
93;950;8649;20
98;1000;9604;-44
59;610;3481;45
-29;-270;841;59
5;70;25;-7
5;70;25;-78
60;620;3600;-44
-17;-150;289;-5
-75;-730;5625;81
-75;-730;5625;-31
75;770;5625;9
96;980;9216;-5
-78;-760;6084;12
-69;-670;4761;-17
39;410;1521;54
-96;-940;9216;-92
96;980;9216;-70
72;740;5184;72
-15;-130;225;66
27;290;729;-87
0;20;0;-45
96;980;9216;-35
79;810;6241;-33
-61;-590;3721;6
-23;-210;529;-76
-32;-300;1024;68
-89;-870;7921;-88
3;50;9;-3
10;120;100;-8
-11;-90;121;75
-30;-280;900;61
58;600;3364;87
84;860;7056;4
77;790;5929;-95
27;290;729;33
45;470;2025;-12
-49;-470;2401;68
91;930;8281;-32
-57;-550;3249;-81
82;840;6724;71
50;520;2500;56
46;480;2116;-65
19;210;361;-19
-87;-850;7569;-95
96;980;9216;94
-91;-890;8281;-47
-11;-90;121;8
-25;-230;625;-55
20;220;400;-30
-98;-960;9604;97
45;470;2025;-55
90;920;8100;93
-33;-310;1089;100
45;470;2025;61
42;440;1764;48
40;420;1600;-73
-92;-900;8464;-71
41;430;1681;37
100;1020;10000;87
-8;-60;64;95
57;590;3249;-85
-74;-720;5476;61
-9;-70;81;-25
87;890;7569;-49
-45;-430;2025;-57
12;140;144;10
60;620;3600;54
4;60;16;-33
-27;-250;729;100
10;120;100;-11
15;170;225;-3
36;380;1296;-61
-72;-700;5184;-57
23;250;529;58
-79;-770;6241;71
-45;-430;2025;54
38;400;1444;-73
25;270;625;-74
39;410;1521;-34
44;460;1936;-66
-57;-550;3249;66
28;300;784;20
-22;-200;484;3
68;700;4624;42
92;940;8464;0
-87;-850;7569;-85
-80;-780;6400;5
63;650;3969;-7
6;80;36;-77
23;250;529;-38
-9;-70;81;-60
92;940;8464;34
73;750;5329;58
-93;-910;8649;-23
81;830;6561;43
-61;-590;3721;-19
39;410;1521;3
42;440;1764;79
-43;-410;1849;-45
60;620;3600;-62
-35;-330;1225;-42
93;950;8649;-98
-12;-100;144;86
69;710;4761;-80
84;860;7056;-3
-96;-940;9216;-76
43;450;1849;-50
-99;-970;9801;-92
43;450;1849;66
-99;-970;9801;-86
90;920;8100;92
24;260;576;51
-29;-270;841;31
-17;-150;289;-64
-62;-600;3844;-17
-6;-40;36;62
-40;-380;1600;2
8;100;64;-37
100;1020;10000;-46
4;60;16;35
-59;-570;3481;-3
59;610;3481;-64
-92;-900;8464;36
-9;-70;81;82
25;270;625;-72
86;880;7396;-66
5;70;25;-95
5;70;25;37
-3;-10;9;-76
-58;-560;3364;-92
-20;-180;400;66
65;670;4225;-28
33;350;1089;79
1;30;1;-28
-39;-370;1521;-35
-65;-630;4225;54
-99;-970;9801;-31
69;710;4761;57
41;430;1681;-13
31;330;961;-76
47;490;2209;16
-73;-710;5329;-92
85;870;7225;20
68;700;4624;-9
2;40;4;-64
-24;-220;576;82
-51;-490;2601;-83
-41;-390;1681;-17
24;260;576;-25
-93;-910;8649;-37
3;50;9;60
-45;-430;2025;-60
24;260;576;-5
25;270;625;-66
-59;-570;3481;-81
-11;-90;121;98
-44;-420;1936;-98
-65;-630;4225;-81
15;170;225;-7
38;400;1444;-78
92;940;8464;71
35;370;1225;-83
7;90;49;-64
-26;-240;676;-15
92;940;8464;-35
-53;-510;2809;94
78;800;6084;-29
-85;-830;7225;-96
-39;-370;1521;29
92;940;8464;9
-79;-770;6241;99
-38;-360;1444;-97
-33;-310;1089;-28
-75;-730;5625;-86
-68;-660;4624;7
72;740;5184;29
-66;-640;4356;-23
-13;-110;169;32
-63;-610;3969;-70
27;290;729;42
-65;-630;4225;-63
0;20;0;86
-64;-620;4096;-93
2;40;4;-67
-6;-40;36;-18
-74;-720;5476;-14
63;650;3969;-19
83;850;6889;-11
-59;-570;3481;-30
-48;-460;2304;75
-15;-130;225;79
-65;-630;4225;-18
67;690;4489;-21
-81;-790;6561;66
-51;-490;2601;-25
53;550;2809;-93
58;600;3364;-33
34;360;1156;100
71;730;5041;-24
71;730;5041;-15
23;250;529;60
25;270;625;14
-90;-880;8100;-69
97;990;9409;0
-33;-310;1089;-49
-14;-120;196;79
64;660;4096;25
79;810;6241;-78
-58;-560;3364;-57
7;90;49;77
-78;-760;6084;10
50;520;2500;-50
58;600;3364;20
-52;-500;2704;0
-13;-110;169;53
43;450;1849;11
-71;-690;5041;-46
-22;-200;484;82
-27;-250;729;13
-42;-400;1764;32
-5;-30;25;-25
-67;-650;4489;12
70;720;4900;91
59;610;3481;94
29;310;841;-20
-10;-80;100;-37
-67;-650;4489;-41
95;970;9025;12
29;310;841;36
-13;-110;169;-62
93;950;8649;-94
5;70;25;-38
-23;-210;529;-51
-63;-610;3969;-62
-52;-500;2704;8
-7;-50;49;-1
89;910;7921;-39
7;90;49;8
-39;-370;1521;89
-28;-260;784;-53
16;180;256;-18
-63;-610;3969;-41
-5;-30;25;-59
75;770;5625;-74
-86;-840;7396;-7
14;160;196;59
-86;-840;7396;-96
-99;-970;9801;-65
-6;-40;36;-6
3;50;9;-30
20;220;400;-74
1;30;1;-33
-29;-270;841;37
89;910;7921;-70
90;920;8100;-35
100;1020;10000;-22
-4;-20;16;-3
-88;-860;7744;62
-7;-50;49;56
14;160;196;-88
-61;-590;3721;72
34;360;1156;-18
87;890;7569;-89
52;540;2704;-91
-67;-650;4489;-12
-16;-140;256;96
-66;-640;4356;53
-68;-660;4624;28
99;1010;9801;-5
8;100;64;31
32;340;1024;36
-77;-750;5929;-10
-77;-750;5929;3
-6;-40;36;-53
-45;-430;2025;4
14;160;196;-28
70;720;4900;58
10;120;100;7
-10;-80;100;-44
20;220;400;-52
-13;-110;169;95
11;130;121;-98
-43;-410;1849;-69
75;770;5625;-46
-49;-470;2401;-58
95;970;9025;-67
67;690;4489;-2
-74;-720;5476;3
-98;-960;9604;59
-63;-610;3969;-95
93;950;8649;-83
15;170;225;-35
-3;-10;9;97
46;480;2116;40
82;840;6724;-95
-55;-530;3025;-27
-55;-530;3025;-41
82;840;6724;-19
-14;-120;196;76
-62;-600;3844;55
-32;-300;1024;-81
-59;-570;3481;-25
75;770;5625;-58
-77;-750;5929;10
-66;-640;4356;-10
33;350;1089;96
42;440;1764;-52
-3;-10;9;-12
0;20;0;-68
46;480;2116;-5
30;320;900;-21
-32;-300;1024;81
-13;-110;169;-72
-56;-540;3136;-37
-29;-270;841;-37
86;880;7396;-65
-25;-230;625;-35
55;570;3025;64
-8;-60;64;-98
-44;-420;1936;-84
23;250;529;-87
8;100;64;23
6;80;36;81
69;710;4761;31
-49;-470;2401;-38
-3;-10;9;52
-39;-370;1521;79
49;510;2401;-62
20;220;400;62
-42;-400;1764;-44
5;70;25;-54
-50;-480;2500;-76
52;540;2704;7
92;940;8464;23
77;790;5929;86
78;800;6084;28
-13;-110;169;72
41;430;1681;-86
-7;-50;49;94
-44;-420;1936;-55
-82;-800;6724;-41
-13;-110;169;-22
76;780;5776;2
-14;-120;196;37
74;760;5476;76
-36;-340;1296;-64
-41;-390;1681;-76
-13;-110;169;-66
54;560;2916;-17
-54;-520;2916;-48
84;860;7056;74
7;90;49;68
72;740;5184;44
-47;-450;2209;-41
33;350;1089;36
-4;-20;16;83
-41;-390;1681;88
51;530;2601;53
65;670;4225;-28
69;710;4761;14
-45;-430;2025;-84
-6;-40;36;8
7;90;49;-43
33;350;1089;19
-10;-80;100;66
-74;-720;5476;80
24;260;576;94
-16;-140;256;-45
-11;-90;121;-41
-52;-500;2704;-17
-30;-280;900;-73
30;320;900;82
23;250;529;-63
56;580;3136;50
2;40;4;32
-63;-610;3969;8
46;480;2116;-96
59;610;3481;21
61;630;3721;56
65;670;4225;39
54;560;2916;-97
69;710;4761;52
